ID,post_title,post_name,post_date,post_modified,post_status,url
1059,"Critical CVE Live Watch for August 6, 2026: Exploited and High-Risk Vulnerabilities",2026-08-06-daily-cve-watch-kev-nvd-patch-priority,"2026-08-06 06:31:28","2026-08-06 18:30:31",publish,https://infosecnexus.com/2026-08-06-daily-cve-watch-kev-nvd-patch-priority/
1061,"Live Cybersecurity News Brief for August 6, 2026: Exploits, Platform Security, and Response",2026-08-06-cyber-security-brief-exploitation-signals-response-focus,"2026-08-06 06:31:28","2026-08-06 18:30:31",publish,https://infosecnexus.com/2026-08-06-cyber-security-brief-exploitation-signals-response-focus/
1063,"Live Linux Security Brief for August 6, 2026: Kernel, Packages, and Service Risk",2026-08-06-linux-security-brief-kernel-package-service-checks,"2026-08-06 06:31:28","2026-08-06 18:30:31",publish,https://infosecnexus.com/2026-08-06-linux-security-brief-kernel-package-service-checks/
1065,"Live DevOps Security Brief for August 6, 2026: Pipelines, Dependencies, and Secrets",2026-08-06-devops-security-brief-pipelines-secrets-build-dependencies,"2026-08-06 06:31:28","2026-08-06 18:30:31",publish,https://infosecnexus.com/2026-08-06-devops-security-brief-pipelines-secrets-build-dependencies/
1067,"Live AI Security Brief for August 6, 2026: Agents, Prompt Injection, and Model Risk",2026-08-06-ai-security-brief-prompt-injection-connectors-data-boundaries,"2026-08-06 06:31:28","2026-08-06 18:30:31",publish,https://infosecnexus.com/2026-08-06-ai-security-brief-prompt-injection-connectors-data-boundaries/
1069,"Tutorial for August 6, 2026: Turn Today's Security Advisories into an Action Plan",2026-08-06-tutorial-run-daily-vulnerability-standup,"2026-08-06 06:31:28","2026-08-06 18:30:31",publish,https://infosecnexus.com/2026-08-06-tutorial-run-daily-vulnerability-standup/
1071,"Live Cloud Security Brief for August 6, 2026: IAM, Managed Services, and Exposure",2026-08-06-cloud-security-brief-bulletins-iam-public-exposure,"2026-08-06 06:31:28","2026-08-06 18:30:31",publish,https://infosecnexus.com/2026-08-06-cloud-security-brief-bulletins-iam-public-exposure/
1073,"Live Windows Security Brief for August 6, 2026: Microsoft Updates and Identity Risk",2026-08-06-windows-security-brief-update-review-identity-controls,"2026-08-06 06:31:28","2026-08-06 18:30:31",publish,https://infosecnexus.com/2026-08-06-windows-security-brief-update-review-identity-controls/
1075,"Live Network Security Brief for August 6, 2026: Edge Devices, VPNs, and Segmentation",2026-08-06-network-security-brief-edge-devices-dns-segmentation,"2026-08-06 06:31:28","2026-08-06 18:30:31",publish,https://infosecnexus.com/2026-08-06-network-security-brief-edge-devices-dns-segmentation/
1077,"Live Web Security Brief for August 6, 2026: APIs, WordPress, and Application Risk",2026-08-06-web-security-brief-apis-headers-wordpress-attack-surface,"2026-08-06 06:31:28","2026-08-06 18:30:31",publish,https://infosecnexus.com/2026-08-06-web-security-brief-apis-headers-wordpress-attack-surface/
1029,"Critical CVE Live Watch for August 5, 2026: Exploited and High-Risk Vulnerabilities",2026-08-05-daily-cve-watch-kev-nvd-patch-priority,"2026-08-05 06:35:42","2026-08-05 18:30:44",publish,https://infosecnexus.com/2026-08-05-daily-cve-watch-kev-nvd-patch-priority/
1031,"Live Cybersecurity News Brief for August 5, 2026: Exploits, Platform Security, and Response",2026-08-05-cyber-security-brief-exploitation-signals-response-focus,"2026-08-05 06:35:42","2026-08-05 18:30:44",publish,https://infosecnexus.com/2026-08-05-cyber-security-brief-exploitation-signals-response-focus/
1033,"Live Linux Security Brief for August 5, 2026: Kernel, Packages, and Service Risk",2026-08-05-linux-security-brief-kernel-package-service-checks,"2026-08-05 06:35:42","2026-08-05 18:30:44",publish,https://infosecnexus.com/2026-08-05-linux-security-brief-kernel-package-service-checks/
1035,"Live DevOps Security Brief for August 5, 2026: Pipelines, Dependencies, and Secrets",2026-08-05-devops-security-brief-pipelines-secrets-build-dependencies,"2026-08-05 06:35:42","2026-08-05 18:30:44",publish,https://infosecnexus.com/2026-08-05-devops-security-brief-pipelines-secrets-build-dependencies/
1037,"Live AI Security Brief for August 5, 2026: Agents, Prompt Injection, and Model Risk",2026-08-05-ai-security-brief-prompt-injection-connectors-data-boundaries,"2026-08-05 06:35:42","2026-08-05 18:30:44",publish,https://infosecnexus.com/2026-08-05-ai-security-brief-prompt-injection-connectors-data-boundaries/
1039,"Tutorial for August 5, 2026: Turn Today's Security Advisories into an Action Plan",2026-08-05-tutorial-run-daily-vulnerability-standup,"2026-08-05 06:35:42","2026-08-05 18:30:44",publish,https://infosecnexus.com/2026-08-05-tutorial-run-daily-vulnerability-standup/
1041,"Live Cloud Security Brief for August 5, 2026: IAM, Managed Services, and Exposure",2026-08-05-cloud-security-brief-bulletins-iam-public-exposure,"2026-08-05 06:35:42","2026-08-05 18:30:44",publish,https://infosecnexus.com/2026-08-05-cloud-security-brief-bulletins-iam-public-exposure/
1043,"Live Windows Security Brief for August 5, 2026: Microsoft Updates and Identity Risk",2026-08-05-windows-security-brief-update-review-identity-controls,"2026-08-05 06:35:42","2026-08-05 18:30:44",publish,https://infosecnexus.com/2026-08-05-windows-security-brief-update-review-identity-controls/
1045,"Live Network Security Brief for August 5, 2026: Edge Devices, VPNs, and Segmentation",2026-08-05-network-security-brief-edge-devices-dns-segmentation,"2026-08-05 06:35:42","2026-08-05 18:30:44",publish,https://infosecnexus.com/2026-08-05-network-security-brief-edge-devices-dns-segmentation/
1047,"Live Web Security Brief for August 5, 2026: APIs, WordPress, and Application Risk",2026-08-05-web-security-brief-apis-headers-wordpress-attack-surface,"2026-08-05 06:35:42","2026-08-05 18:30:44",publish,https://infosecnexus.com/2026-08-05-web-security-brief-apis-headers-wordpress-attack-surface/
997,"Critical CVE Live Watch for August 4, 2026: Exploited and High-Risk Vulnerabilities",2026-08-04-daily-cve-watch-kev-nvd-patch-priority,"2026-08-04 06:30:16","2026-08-04 18:30:21",publish,https://infosecnexus.com/2026-08-04-daily-cve-watch-kev-nvd-patch-priority/
999,"Live Cybersecurity News Brief for August 4, 2026: Exploits, Platform Security, and Response",2026-08-04-cyber-security-brief-exploitation-signals-response-focus,"2026-08-04 06:30:16","2026-08-04 18:30:21",publish,https://infosecnexus.com/2026-08-04-cyber-security-brief-exploitation-signals-response-focus/
1001,"Live Linux Security Brief for August 4, 2026: Kernel, Packages, and Service Risk",2026-08-04-linux-security-brief-kernel-package-service-checks,"2026-08-04 06:30:16","2026-08-04 18:30:21",publish,https://infosecnexus.com/2026-08-04-linux-security-brief-kernel-package-service-checks/
1003,"Live DevOps Security Brief for August 4, 2026: Pipelines, Dependencies, and Secrets",2026-08-04-devops-security-brief-pipelines-secrets-build-dependencies,"2026-08-04 06:30:16","2026-08-04 18:30:21",publish,https://infosecnexus.com/2026-08-04-devops-security-brief-pipelines-secrets-build-dependencies/
1005,"Live AI Security Brief for August 4, 2026: Agents, Prompt Injection, and Model Risk",2026-08-04-ai-security-brief-prompt-injection-connectors-data-boundaries,"2026-08-04 06:30:16","2026-08-04 18:30:21",publish,https://infosecnexus.com/2026-08-04-ai-security-brief-prompt-injection-connectors-data-boundaries/
1007,"Tutorial for August 4, 2026: Turn Today's Security Advisories into an Action Plan",2026-08-04-tutorial-run-daily-vulnerability-standup,"2026-08-04 06:30:16","2026-08-04 18:30:21",publish,https://infosecnexus.com/2026-08-04-tutorial-run-daily-vulnerability-standup/
1009,"Live Cloud Security Brief for August 4, 2026: IAM, Managed Services, and Exposure",2026-08-04-cloud-security-brief-bulletins-iam-public-exposure,"2026-08-04 06:30:16","2026-08-04 18:30:21",publish,https://infosecnexus.com/2026-08-04-cloud-security-brief-bulletins-iam-public-exposure/
1011,"Live Windows Security Brief for August 4, 2026: Microsoft Updates and Identity Risk",2026-08-04-windows-security-brief-update-review-identity-controls,"2026-08-04 06:30:16","2026-08-04 18:30:22",publish,https://infosecnexus.com/2026-08-04-windows-security-brief-update-review-identity-controls/
1013,"Live Network Security Brief for August 4, 2026: Edge Devices, VPNs, and Segmentation",2026-08-04-network-security-brief-edge-devices-dns-segmentation,"2026-08-04 06:30:16","2026-08-04 18:30:22",publish,https://infosecnexus.com/2026-08-04-network-security-brief-edge-devices-dns-segmentation/
1015,"Live Web Security Brief for August 4, 2026: APIs, WordPress, and Application Risk",2026-08-04-web-security-brief-apis-headers-wordpress-attack-surface,"2026-08-04 06:30:16","2026-08-04 18:30:22",publish,https://infosecnexus.com/2026-08-04-web-security-brief-apis-headers-wordpress-attack-surface/
967,"Critical CVE Live Watch for August 3, 2026: Exploited and High-Risk Vulnerabilities",2026-08-03-daily-cve-watch-kev-nvd-patch-priority,"2026-08-03 06:30:15","2026-08-03 18:32:30",publish,https://infosecnexus.com/2026-08-03-daily-cve-watch-kev-nvd-patch-priority/
969,"Live Cybersecurity News Brief for August 3, 2026: Exploits, Platform Security, and Response",2026-08-03-cyber-security-brief-exploitation-signals-response-focus,"2026-08-03 06:30:15","2026-08-03 18:32:30",publish,https://infosecnexus.com/2026-08-03-cyber-security-brief-exploitation-signals-response-focus/
971,"Live Linux Security Brief for August 3, 2026: Kernel, Packages, and Service Risk",2026-08-03-linux-security-brief-kernel-package-service-checks,"2026-08-03 06:30:15","2026-08-03 18:32:30",publish,https://infosecnexus.com/2026-08-03-linux-security-brief-kernel-package-service-checks/
973,"Live DevOps Security Brief for August 3, 2026: Pipelines, Dependencies, and Secrets",2026-08-03-devops-security-brief-pipelines-secrets-build-dependencies,"2026-08-03 06:30:15","2026-08-03 18:32:30",publish,https://infosecnexus.com/2026-08-03-devops-security-brief-pipelines-secrets-build-dependencies/
975,"Live AI Security Brief for August 3, 2026: Agents, Prompt Injection, and Model Risk",2026-08-03-ai-security-brief-prompt-injection-connectors-data-boundaries,"2026-08-03 06:30:15","2026-08-03 18:32:30",publish,https://infosecnexus.com/2026-08-03-ai-security-brief-prompt-injection-connectors-data-boundaries/
977,"Tutorial for August 3, 2026: Turn Today's Security Advisories into an Action Plan",2026-08-03-tutorial-run-daily-vulnerability-standup,"2026-08-03 06:30:15","2026-08-03 18:32:30",publish,https://infosecnexus.com/2026-08-03-tutorial-run-daily-vulnerability-standup/
979,"Live Cloud Security Brief for August 3, 2026: IAM, Managed Services, and Exposure",2026-08-03-cloud-security-brief-bulletins-iam-public-exposure,"2026-08-03 06:30:15","2026-08-03 18:32:30",publish,https://infosecnexus.com/2026-08-03-cloud-security-brief-bulletins-iam-public-exposure/
981,"Live Windows Security Brief for August 3, 2026: Microsoft Updates and Identity Risk",2026-08-03-windows-security-brief-update-review-identity-controls,"2026-08-03 06:30:15","2026-08-03 18:32:30",publish,https://infosecnexus.com/2026-08-03-windows-security-brief-update-review-identity-controls/
983,"Live Network Security Brief for August 3, 2026: Edge Devices, VPNs, and Segmentation",2026-08-03-network-security-brief-edge-devices-dns-segmentation,"2026-08-03 06:30:15","2026-08-03 18:32:31",publish,https://infosecnexus.com/2026-08-03-network-security-brief-edge-devices-dns-segmentation/
985,"Live Web Security Brief for August 3, 2026: APIs, WordPress, and Application Risk",2026-08-03-web-security-brief-apis-headers-wordpress-attack-surface,"2026-08-03 06:30:15","2026-08-03 18:32:31",publish,https://infosecnexus.com/2026-08-03-web-security-brief-apis-headers-wordpress-attack-surface/
937,"Critical CVE Live Watch for August 2, 2026: Exploited and High-Risk Vulnerabilities",2026-08-02-daily-cve-watch-kev-nvd-patch-priority,"2026-08-02 06:40:27","2026-08-02 18:31:20",publish,https://infosecnexus.com/2026-08-02-daily-cve-watch-kev-nvd-patch-priority/
939,"Live Cybersecurity News Brief for August 2, 2026: Exploits, Platform Security, and Response",2026-08-02-cyber-security-brief-exploitation-signals-response-focus,"2026-08-02 06:40:27","2026-08-02 18:31:20",publish,https://infosecnexus.com/2026-08-02-cyber-security-brief-exploitation-signals-response-focus/
941,"Live Linux Security Brief for August 2, 2026: Kernel, Packages, and Service Risk",2026-08-02-linux-security-brief-kernel-package-service-checks,"2026-08-02 06:40:27","2026-08-02 18:31:20",publish,https://infosecnexus.com/2026-08-02-linux-security-brief-kernel-package-service-checks/
943,"Live DevOps Security Brief for August 2, 2026: Pipelines, Dependencies, and Secrets",2026-08-02-devops-security-brief-pipelines-secrets-build-dependencies,"2026-08-02 06:40:27","2026-08-02 18:31:20",publish,https://infosecnexus.com/2026-08-02-devops-security-brief-pipelines-secrets-build-dependencies/
945,"Live AI Security Brief for August 2, 2026: Agents, Prompt Injection, and Model Risk",2026-08-02-ai-security-brief-prompt-injection-connectors-data-boundaries,"2026-08-02 06:40:27","2026-08-02 18:31:20",publish,https://infosecnexus.com/2026-08-02-ai-security-brief-prompt-injection-connectors-data-boundaries/
947,"Tutorial for August 2, 2026: Turn Today's Security Advisories into an Action Plan",2026-08-02-tutorial-run-daily-vulnerability-standup,"2026-08-02 06:40:27","2026-08-02 18:31:20",publish,https://infosecnexus.com/2026-08-02-tutorial-run-daily-vulnerability-standup/
949,"Live Cloud Security Brief for August 2, 2026: IAM, Managed Services, and Exposure",2026-08-02-cloud-security-brief-bulletins-iam-public-exposure,"2026-08-02 06:40:27","2026-08-02 18:31:20",publish,https://infosecnexus.com/2026-08-02-cloud-security-brief-bulletins-iam-public-exposure/
951,"Live Windows Security Brief for August 2, 2026: Microsoft Updates and Identity Risk",2026-08-02-windows-security-brief-update-review-identity-controls,"2026-08-02 06:40:27","2026-08-02 18:31:20",publish,https://infosecnexus.com/2026-08-02-windows-security-brief-update-review-identity-controls/
953,"Live Network Security Brief for August 2, 2026: Edge Devices, VPNs, and Segmentation",2026-08-02-network-security-brief-edge-devices-dns-segmentation,"2026-08-02 06:40:27","2026-08-02 18:31:20",publish,https://infosecnexus.com/2026-08-02-network-security-brief-edge-devices-dns-segmentation/
955,"Live Web Security Brief for August 2, 2026: APIs, WordPress, and Application Risk",2026-08-02-web-security-brief-apis-headers-wordpress-attack-surface,"2026-08-02 06:40:27","2026-08-02 18:31:20",publish,https://infosecnexus.com/2026-08-02-web-security-brief-apis-headers-wordpress-attack-surface/
823,"Critical CVE Live Watch for August 1, 2026: Exploited and High-Risk Vulnerabilities",2026-08-01-daily-cve-watch-kev-nvd-patch-priority,"2026-08-01 06:30:39","2026-08-01 21:49:32",publish,https://infosecnexus.com/2026-08-01-daily-cve-watch-kev-nvd-patch-priority/
825,"Live Cybersecurity News Brief for August 1, 2026: Exploits, Platform Security, and Response",2026-08-01-cyber-security-brief-exploitation-signals-response-focus,"2026-08-01 06:30:39","2026-08-01 21:49:32",publish,https://infosecnexus.com/2026-08-01-cyber-security-brief-exploitation-signals-response-focus/
827,"Live Linux Security Brief for August 1, 2026: Kernel, Packages, and Service Risk",2026-08-01-linux-security-brief-kernel-package-service-checks,"2026-08-01 06:30:39","2026-08-01 21:49:32",publish,https://infosecnexus.com/2026-08-01-linux-security-brief-kernel-package-service-checks/
829,"Live DevOps Security Brief for August 1, 2026: Pipelines, Dependencies, and Secrets",2026-08-01-devops-security-brief-pipelines-secrets-build-dependencies,"2026-08-01 06:30:39","2026-08-01 21:49:32",publish,https://infosecnexus.com/2026-08-01-devops-security-brief-pipelines-secrets-build-dependencies/
831,"Live AI Security Brief for August 1, 2026: Agents, Prompt Injection, and Model Risk",2026-08-01-ai-security-brief-prompt-injection-connectors-data-boundaries,"2026-08-01 06:30:39","2026-08-01 21:49:32",publish,https://infosecnexus.com/2026-08-01-ai-security-brief-prompt-injection-connectors-data-boundaries/
833,"Tutorial for August 1, 2026: Turn Today's Security Advisories into an Action Plan",2026-08-01-tutorial-run-daily-vulnerability-standup,"2026-08-01 06:30:39","2026-08-01 21:49:32",publish,https://infosecnexus.com/2026-08-01-tutorial-run-daily-vulnerability-standup/
835,"Live Cloud Security Brief for August 1, 2026: IAM, Managed Services, and Exposure",2026-08-01-cloud-security-brief-bulletins-iam-public-exposure,"2026-08-01 06:30:39","2026-08-01 21:49:32",publish,https://infosecnexus.com/2026-08-01-cloud-security-brief-bulletins-iam-public-exposure/
837,"Live Windows Security Brief for August 1, 2026: Microsoft Updates and Identity Risk",2026-08-01-windows-security-brief-update-review-identity-controls,"2026-08-01 06:30:39","2026-08-01 21:49:32",publish,https://infosecnexus.com/2026-08-01-windows-security-brief-update-review-identity-controls/
839,"Live Network Security Brief for August 1, 2026: Edge Devices, VPNs, and Segmentation",2026-08-01-network-security-brief-edge-devices-dns-segmentation,"2026-08-01 06:30:39","2026-08-01 21:49:32",publish,https://infosecnexus.com/2026-08-01-network-security-brief-edge-devices-dns-segmentation/
841,"Live Web Security Brief for August 1, 2026: APIs, WordPress, and Application Risk",2026-08-01-web-security-brief-apis-headers-wordpress-attack-surface,"2026-08-01 06:30:39","2026-08-01 21:49:32",publish,https://infosecnexus.com/2026-08-01-web-security-brief-apis-headers-wordpress-attack-surface/
792,"Critical CVE Live Watch for July 31, 2026: Exploited and High-Risk Vulnerabilities",2026-07-31-daily-cve-watch-kev-nvd-patch-priority,"2026-07-31 06:33:40","2026-08-01 13:23:06",publish,https://infosecnexus.com/2026-07-31-daily-cve-watch-kev-nvd-patch-priority/
794,"Live Cybersecurity News Brief for July 31, 2026: Exploits, Platform Security, and Response",2026-07-31-cyber-security-brief-exploitation-signals-response-focus,"2026-07-31 06:33:40","2026-08-01 13:23:06",publish,https://infosecnexus.com/2026-07-31-cyber-security-brief-exploitation-signals-response-focus/
796,"Live Linux Security Brief for July 31, 2026: Kernel, Packages, and Service Risk",2026-07-31-linux-security-brief-kernel-package-service-checks,"2026-07-31 06:33:40","2026-08-01 13:23:06",publish,https://infosecnexus.com/2026-07-31-linux-security-brief-kernel-package-service-checks/
798,"Live DevOps Security Brief for July 31, 2026: Pipelines, Dependencies, and Secrets",2026-07-31-devops-security-brief-pipelines-secrets-build-dependencies,"2026-07-31 06:33:40","2026-08-01 13:23:06",publish,https://infosecnexus.com/2026-07-31-devops-security-brief-pipelines-secrets-build-dependencies/
800,"Live AI Security Brief for July 31, 2026: Agents, Prompt Injection, and Model Risk",2026-07-31-ai-security-brief-prompt-injection-connectors-data-boundaries,"2026-07-31 06:33:40","2026-08-01 13:23:06",publish,https://infosecnexus.com/2026-07-31-ai-security-brief-prompt-injection-connectors-data-boundaries/
802,"Tutorial for July 31, 2026: Turn Today's Security Advisories into an Action Plan",2026-07-31-tutorial-run-daily-vulnerability-standup,"2026-07-31 06:33:40","2026-08-01 13:23:06",publish,https://infosecnexus.com/2026-07-31-tutorial-run-daily-vulnerability-standup/
804,"Live Cloud Security Brief for July 31, 2026: IAM, Managed Services, and Exposure",2026-07-31-cloud-security-brief-bulletins-iam-public-exposure,"2026-07-31 06:33:40","2026-08-01 13:23:06",publish,https://infosecnexus.com/2026-07-31-cloud-security-brief-bulletins-iam-public-exposure/
806,"Live Windows Security Brief for July 31, 2026: Microsoft Updates and Identity Risk",2026-07-31-windows-security-brief-update-review-identity-controls,"2026-07-31 06:33:40","2026-08-01 13:23:06",publish,https://infosecnexus.com/2026-07-31-windows-security-brief-update-review-identity-controls/
808,"Live Network Security Brief for July 31, 2026: Edge Devices, VPNs, and Segmentation",2026-07-31-network-security-brief-edge-devices-dns-segmentation,"2026-07-31 06:33:40","2026-08-01 13:23:06",publish,https://infosecnexus.com/2026-07-31-network-security-brief-edge-devices-dns-segmentation/
810,"Live Web Security Brief for July 31, 2026: APIs, WordPress, and Application Risk",2026-07-31-web-security-brief-apis-headers-wordpress-attack-surface,"2026-07-31 06:33:40","2026-08-01 13:23:06",publish,https://infosecnexus.com/2026-07-31-web-security-brief-apis-headers-wordpress-attack-surface/
760,"Critical CVE Live Watch for July 30, 2026: Exploited and High-Risk Vulnerabilities",2026-07-30-daily-cve-watch-kev-nvd-patch-priority,"2026-07-30 06:31:59","2026-08-01 13:23:06",publish,https://infosecnexus.com/2026-07-30-daily-cve-watch-kev-nvd-patch-priority/
762,"Live Cybersecurity News Brief for July 30, 2026: Exploits, Platform Security, and Response",2026-07-30-cyber-security-brief-exploitation-signals-response-focus,"2026-07-30 06:31:59","2026-08-01 13:23:06",publish,https://infosecnexus.com/2026-07-30-cyber-security-brief-exploitation-signals-response-focus/
764,"Live Linux Security Brief for July 30, 2026: Kernel, Packages, and Service Risk",2026-07-30-linux-security-brief-kernel-package-service-checks,"2026-07-30 06:31:59","2026-08-01 13:23:06",publish,https://infosecnexus.com/2026-07-30-linux-security-brief-kernel-package-service-checks/
766,"Live DevOps Security Brief for July 30, 2026: Pipelines, Dependencies, and Secrets",2026-07-30-devops-security-brief-pipelines-secrets-build-dependencies,"2026-07-30 06:31:59","2026-08-01 13:23:06",publish,https://infosecnexus.com/2026-07-30-devops-security-brief-pipelines-secrets-build-dependencies/
768,"Live AI Security Brief for July 30, 2026: Agents, Prompt Injection, and Model Risk",2026-07-30-ai-security-brief-prompt-injection-connectors-data-boundaries,"2026-07-30 06:31:59","2026-08-01 13:23:06",publish,https://infosecnexus.com/2026-07-30-ai-security-brief-prompt-injection-connectors-data-boundaries/
770,"Tutorial for July 30, 2026: Turn Today's Security Advisories into an Action Plan",2026-07-30-tutorial-run-daily-vulnerability-standup,"2026-07-30 06:31:59","2026-08-01 13:23:06",publish,https://infosecnexus.com/2026-07-30-tutorial-run-daily-vulnerability-standup/
772,"Live Cloud Security Brief for July 30, 2026: IAM, Managed Services, and Exposure",2026-07-30-cloud-security-brief-bulletins-iam-public-exposure,"2026-07-30 06:31:59","2026-08-01 13:23:06",publish,https://infosecnexus.com/2026-07-30-cloud-security-brief-bulletins-iam-public-exposure/
774,"Live Windows Security Brief for July 30, 2026: Microsoft Updates and Identity Risk",2026-07-30-windows-security-brief-update-review-identity-controls,"2026-07-30 06:31:59","2026-08-01 13:23:06",publish,https://infosecnexus.com/2026-07-30-windows-security-brief-update-review-identity-controls/
776,"Live Network Security Brief for July 30, 2026: Edge Devices, VPNs, and Segmentation",2026-07-30-network-security-brief-edge-devices-dns-segmentation,"2026-07-30 06:31:59","2026-08-01 13:23:06",publish,https://infosecnexus.com/2026-07-30-network-security-brief-edge-devices-dns-segmentation/
778,"Live Web Security Brief for July 30, 2026: APIs, WordPress, and Application Risk",2026-07-30-web-security-brief-apis-headers-wordpress-attack-surface,"2026-07-30 06:31:59","2026-08-01 13:23:06",publish,https://infosecnexus.com/2026-07-30-web-security-brief-apis-headers-wordpress-attack-surface/
714,"Critical CVE Live Watch for July 29, 2026: Exploited and High-Risk Vulnerabilities",2026-07-29-daily-cve-watch-kev-nvd-patch-priority,"2026-07-29 00:00:36","2026-07-29 18:39:42",publish,https://infosecnexus.com/2026-07-29-daily-cve-watch-kev-nvd-patch-priority/
716,"Live Cybersecurity News Brief for July 29, 2026: Exploits, Platform Security, and Response",2026-07-29-cyber-security-brief-exploitation-signals-response-focus,"2026-07-29 00:00:36","2026-07-29 18:39:42",publish,https://infosecnexus.com/2026-07-29-cyber-security-brief-exploitation-signals-response-focus/
718,"Live Linux Security Brief for July 29, 2026: Kernel, Packages, and Service Risk",2026-07-29-linux-security-brief-kernel-package-service-checks,"2026-07-29 00:00:36","2026-07-29 18:39:42",publish,https://infosecnexus.com/2026-07-29-linux-security-brief-kernel-package-service-checks/
720,"Live DevOps Security Brief for July 29, 2026: Pipelines, Dependencies, and Secrets",2026-07-29-devops-security-brief-pipelines-secrets-build-dependencies,"2026-07-29 00:00:36","2026-07-29 18:39:42",publish,https://infosecnexus.com/2026-07-29-devops-security-brief-pipelines-secrets-build-dependencies/
722,"Live AI Security Brief for July 29, 2026: Agents, Prompt Injection, and Model Risk",2026-07-29-ai-security-brief-prompt-injection-connectors-data-boundaries,"2026-07-29 00:00:36","2026-07-29 18:39:42",publish,https://infosecnexus.com/2026-07-29-ai-security-brief-prompt-injection-connectors-data-boundaries/
724,"Tutorial for July 29, 2026: Turn Today's Security Advisories into an Action Plan",2026-07-29-tutorial-run-daily-vulnerability-standup,"2026-07-29 00:00:36","2026-07-29 18:39:42",publish,https://infosecnexus.com/2026-07-29-tutorial-run-daily-vulnerability-standup/
726,"Live Cloud Security Brief for July 29, 2026: IAM, Managed Services, and Exposure",2026-07-29-cloud-security-brief-bulletins-iam-public-exposure,"2026-07-29 00:00:36","2026-07-29 18:39:42",publish,https://infosecnexus.com/2026-07-29-cloud-security-brief-bulletins-iam-public-exposure/
728,"Live Windows Security Brief for July 29, 2026: Microsoft Updates and Identity Risk",2026-07-29-windows-security-brief-update-review-identity-controls,"2026-07-29 00:00:36","2026-07-29 18:39:42",publish,https://infosecnexus.com/2026-07-29-windows-security-brief-update-review-identity-controls/
730,"Live Network Security Brief for July 29, 2026: Edge Devices, VPNs, and Segmentation",2026-07-29-network-security-brief-edge-devices-dns-segmentation,"2026-07-29 00:00:36","2026-07-29 18:39:42",publish,https://infosecnexus.com/2026-07-29-network-security-brief-edge-devices-dns-segmentation/
732,"Live Web Security Brief for July 29, 2026: APIs, WordPress, and Application Risk",2026-07-29-web-security-brief-apis-headers-wordpress-attack-surface,"2026-07-29 00:00:36","2026-07-29 18:39:42",publish,https://infosecnexus.com/2026-07-29-web-security-brief-apis-headers-wordpress-attack-surface/
365,"Critical CVE Live Watch for July 28, 2026: Exploited and High-Risk Vulnerabilities",2026-07-28-daily-cve-watch-kev-nvd-patch-priority,"2026-07-28 06:34:09","2026-07-28 22:17:55",publish,https://infosecnexus.com/2026-07-28-daily-cve-watch-kev-nvd-patch-priority/
367,"Live Cybersecurity News Brief for July 28, 2026: Exploits, Platform Security, and Response",2026-07-28-cyber-security-brief-exploitation-signals-response-focus,"2026-07-28 06:34:09","2026-07-28 22:17:55",publish,https://infosecnexus.com/2026-07-28-cyber-security-brief-exploitation-signals-response-focus/
369,"Live Linux Security Brief for July 28, 2026: Kernel, Packages, and Service Risk",2026-07-28-linux-security-brief-kernel-package-service-checks,"2026-07-28 06:34:09","2026-07-28 22:17:55",publish,https://infosecnexus.com/2026-07-28-linux-security-brief-kernel-package-service-checks/
371,"Live DevOps Security Brief for July 28, 2026: Pipelines, Dependencies, and Secrets",2026-07-28-devops-security-brief-pipelines-secrets-build-dependencies,"2026-07-28 06:34:09","2026-07-28 22:17:55",publish,https://infosecnexus.com/2026-07-28-devops-security-brief-pipelines-secrets-build-dependencies/
373,"Live AI Security Brief for July 28, 2026: Agents, Prompt Injection, and Model Risk",2026-07-28-ai-security-brief-prompt-injection-connectors-data-boundaries,"2026-07-28 06:34:09","2026-07-28 22:17:55",publish,https://infosecnexus.com/2026-07-28-ai-security-brief-prompt-injection-connectors-data-boundaries/
375,"Tutorial for July 28, 2026: Turn Today's Security Advisories into an Action Plan",2026-07-28-tutorial-run-daily-vulnerability-standup,"2026-07-28 06:34:09","2026-07-28 22:17:55",publish,https://infosecnexus.com/2026-07-28-tutorial-run-daily-vulnerability-standup/
377,"Live Cloud Security Brief for July 28, 2026: IAM, Managed Services, and Exposure",2026-07-28-cloud-security-brief-bulletins-iam-public-exposure,"2026-07-28 06:34:09","2026-07-28 22:17:55",publish,https://infosecnexus.com/2026-07-28-cloud-security-brief-bulletins-iam-public-exposure/
379,"Live Windows Security Brief for July 28, 2026: Microsoft Updates and Identity Risk",2026-07-28-windows-security-brief-update-review-identity-controls,"2026-07-28 06:34:09","2026-07-28 22:17:55",publish,https://infosecnexus.com/2026-07-28-windows-security-brief-update-review-identity-controls/
381,"Live Network Security Brief for July 28, 2026: Edge Devices, VPNs, and Segmentation",2026-07-28-network-security-brief-edge-devices-dns-segmentation,"2026-07-28 06:34:09","2026-07-28 22:17:55",publish,https://infosecnexus.com/2026-07-28-network-security-brief-edge-devices-dns-segmentation/
383,"Live Web Security Brief for July 28, 2026: APIs, WordPress, and Application Risk",2026-07-28-web-security-brief-apis-headers-wordpress-attack-surface,"2026-07-28 06:34:09","2026-07-28 22:17:55",publish,https://infosecnexus.com/2026-07-28-web-security-brief-apis-headers-wordpress-attack-surface/
286,"Critical CVE Live Watch for July 27, 2026: Exploited and High-Risk Vulnerabilities",2026-07-27-daily-cve-watch-kev-nvd-patch-priority,"2026-07-27 13:41:54","2026-07-28 20:13:55",publish,https://infosecnexus.com/2026-07-27-daily-cve-watch-kev-nvd-patch-priority/
287,"Live Cybersecurity News Brief for July 27, 2026: Exploits, Platform Security, and Response",2026-07-27-cyber-security-brief-exploitation-signals-response-focus,"2026-07-27 13:41:54","2026-07-28 20:13:59",publish,https://infosecnexus.com/2026-07-27-cyber-security-brief-exploitation-signals-response-focus/
288,"Live Linux Security Brief for July 27, 2026: Kernel, Packages, and Service Risk",2026-07-27-linux-security-brief-kernel-package-service-checks,"2026-07-27 13:41:54","2026-07-28 20:13:59",publish,https://infosecnexus.com/2026-07-27-linux-security-brief-kernel-package-service-checks/
289,"Live DevOps Security Brief for July 27, 2026: Pipelines, Dependencies, and Secrets",2026-07-27-devops-security-brief-pipelines-secrets-build-dependencies,"2026-07-27 13:41:54","2026-07-28 20:13:58",publish,https://infosecnexus.com/2026-07-27-devops-security-brief-pipelines-secrets-build-dependencies/
290,"Live AI Security Brief for July 27, 2026: Agents, Prompt Injection, and Model Risk",2026-07-27-ai-security-brief-prompt-injection-connectors-data-boundaries,"2026-07-27 13:41:54","2026-07-28 20:13:58",publish,https://infosecnexus.com/2026-07-27-ai-security-brief-prompt-injection-connectors-data-boundaries/
291,"Tutorial for July 27, 2026: Turn Today's Security Advisories into an Action Plan",2026-07-27-tutorial-run-daily-vulnerability-standup,"2026-07-27 13:41:54","2026-07-28 20:13:57",publish,https://infosecnexus.com/2026-07-27-tutorial-run-daily-vulnerability-standup/
292,"Live Cloud Security Brief for July 27, 2026: IAM, Managed Services, and Exposure",2026-07-27-cloud-security-brief-bulletins-iam-public-exposure,"2026-07-27 13:41:54","2026-07-28 20:13:57",publish,https://infosecnexus.com/2026-07-27-cloud-security-brief-bulletins-iam-public-exposure/
293,"Live Windows Security Brief for July 27, 2026: Microsoft Updates and Identity Risk",2026-07-27-windows-security-brief-update-review-identity-controls,"2026-07-27 13:41:54","2026-07-28 20:13:56",publish,https://infosecnexus.com/2026-07-27-windows-security-brief-update-review-identity-controls/
294,"Live Network Security Brief for July 27, 2026: Edge Devices, VPNs, and Segmentation",2026-07-27-network-security-brief-edge-devices-dns-segmentation,"2026-07-27 13:41:54","2026-07-28 20:13:56",publish,https://infosecnexus.com/2026-07-27-network-security-brief-edge-devices-dns-segmentation/
295,"Live Web Security Brief for July 27, 2026: APIs, WordPress, and Application Risk",2026-07-27-web-security-brief-apis-headers-wordpress-attack-surface,"2026-07-27 13:41:54","2026-07-28 20:13:56",publish,https://infosecnexus.com/2026-07-27-web-security-brief-apis-headers-wordpress-attack-surface/
239,"Daily CVE Watch for July 23, 2026: KEV, NVD, and Patch Priority",2026-07-23-daily-cve-watch-kev-nvd-patch-priority,"2026-07-23 00:01:26","2026-07-28 20:59:18",publish,https://infosecnexus.com/2026-07-23-daily-cve-watch-kev-nvd-patch-priority/
240,"Cyber Security Brief for July 23, 2026: Exploitation Signals and Response Focus",2026-07-23-cyber-security-brief-exploitation-signals-response-focus,"2026-07-23 00:01:26","2026-07-28 20:59:18",publish,https://infosecnexus.com/2026-07-23-cyber-security-brief-exploitation-signals-response-focus/
241,"Linux Security Brief for July 23, 2026: Kernel, Package, and Service Checks",2026-07-23-linux-security-brief-kernel-package-service-checks,"2026-07-23 00:01:26","2026-07-28 20:59:18",publish,https://infosecnexus.com/2026-07-23-linux-security-brief-kernel-package-service-checks/
242,"DevOps Security Brief for July 23, 2026: Pipelines, Secrets, and Build Dependencies",2026-07-23-devops-security-brief-pipelines-secrets-build-dependencies,"2026-07-23 00:01:26","2026-07-28 20:59:18",publish,https://infosecnexus.com/2026-07-23-devops-security-brief-pipelines-secrets-build-dependencies/
243,"AI Security Brief for July 23, 2026: Prompt Injection, Connectors, and Data Boundaries",2026-07-23-ai-security-brief-prompt-injection-connectors-data-boundaries,"2026-07-23 00:01:26","2026-07-28 20:59:18",publish,https://infosecnexus.com/2026-07-23-ai-security-brief-prompt-injection-connectors-data-boundaries/
245,"Cloud Security Brief for July 23, 2026: Bulletins, IAM, and Public Exposure",2026-07-23-cloud-security-brief-bulletins-iam-public-exposure,"2026-07-23 00:01:26","2026-07-28 20:59:18",publish,https://infosecnexus.com/2026-07-23-cloud-security-brief-bulletins-iam-public-exposure/
246,"Windows Security Brief for July 23, 2026: Update Review and Identity Controls",2026-07-23-windows-security-brief-update-review-identity-controls,"2026-07-23 00:01:26","2026-07-28 20:59:18",publish,https://infosecnexus.com/2026-07-23-windows-security-brief-update-review-identity-controls/
247,"Network Security Brief for July 23, 2026: Edge Devices, DNS, and Segmentation",2026-07-23-network-security-brief-edge-devices-dns-segmentation,"2026-07-23 00:01:26","2026-07-28 20:59:18",publish,https://infosecnexus.com/2026-07-23-network-security-brief-edge-devices-dns-segmentation/
248,"Web Security Brief for July 23, 2026: APIs, Headers, and WordPress Attack Surface",2026-07-23-web-security-brief-apis-headers-wordpress-attack-surface,"2026-07-23 00:01:26","2026-07-28 20:59:18",publish,https://infosecnexus.com/2026-07-23-web-security-brief-apis-headers-wordpress-attack-surface/
226,"Daily CVE Watch for July 22, 2026: KEV, NVD, and Patch Priority",2026-07-22-daily-cve-watch-kev-nvd-patch-priority,"2026-07-22 22:55:19","2026-07-28 20:59:18",publish,https://infosecnexus.com/2026-07-22-daily-cve-watch-kev-nvd-patch-priority/
227,"Cyber Security Brief for July 22, 2026: Exploitation Signals and Response Focus",2026-07-22-cyber-security-brief-exploitation-signals-response-focus,"2026-07-22 22:55:19","2026-07-28 20:59:18",publish,https://infosecnexus.com/2026-07-22-cyber-security-brief-exploitation-signals-response-focus/
228,"Linux Security Brief for July 22, 2026: Kernel, Package, and Service Checks",2026-07-22-linux-security-brief-kernel-package-service-checks,"2026-07-22 22:55:19","2026-07-28 20:59:18",publish,https://infosecnexus.com/2026-07-22-linux-security-brief-kernel-package-service-checks/
229,"DevOps Security Brief for July 22, 2026: Pipelines, Secrets, and Build Dependencies",2026-07-22-devops-security-brief-pipelines-secrets-build-dependencies,"2026-07-22 22:55:19","2026-07-28 20:59:18",publish,https://infosecnexus.com/2026-07-22-devops-security-brief-pipelines-secrets-build-dependencies/
230,"AI Security Brief for July 22, 2026: Prompt Injection, Connectors, and Data Boundaries",2026-07-22-ai-security-brief-prompt-injection-connectors-data-boundaries,"2026-07-22 22:55:19","2026-07-28 20:59:18",publish,https://infosecnexus.com/2026-07-22-ai-security-brief-prompt-injection-connectors-data-boundaries/
231,"Tutorial: Run a 30-Minute Daily Vulnerability Standup on July 22, 2026",2026-07-22-tutorial-run-daily-vulnerability-standup,"2026-07-22 22:55:19","2026-07-28 20:59:18",publish,https://infosecnexus.com/2026-07-22-tutorial-run-daily-vulnerability-standup/
232,"Cloud Security Brief for July 22, 2026: Bulletins, IAM, and Public Exposure",2026-07-22-cloud-security-brief-bulletins-iam-public-exposure,"2026-07-22 22:55:19","2026-07-28 20:59:18",publish,https://infosecnexus.com/2026-07-22-cloud-security-brief-bulletins-iam-public-exposure/
233,"Windows Security Brief for July 22, 2026: Update Review and Identity Controls",2026-07-22-windows-security-brief-update-review-identity-controls,"2026-07-22 22:55:19","2026-07-28 20:59:18",publish,https://infosecnexus.com/2026-07-22-windows-security-brief-update-review-identity-controls/
234,"Network Security Brief for July 22, 2026: Edge Devices, DNS, and Segmentation",2026-07-22-network-security-brief-edge-devices-dns-segmentation,"2026-07-22 22:55:19","2026-07-28 20:59:18",publish,https://infosecnexus.com/2026-07-22-network-security-brief-edge-devices-dns-segmentation/
235,"Web Security Brief for July 22, 2026: APIs, Headers, and WordPress Attack Surface",2026-07-22-web-security-brief-apis-headers-wordpress-attack-surface,"2026-07-22 22:55:19","2026-07-28 20:59:18",publish,https://infosecnexus.com/2026-07-22-web-security-brief-apis-headers-wordpress-attack-surface/
180,"CVE Triage Checklist for High-Risk Vulnerabilities",cve-triage-checklist-high-risk-vulnerabilities,"2026-07-22 00:05:20","2026-08-01 09:06:50",publish,https://infosecnexus.com/cve-triage-checklist-high-risk-vulnerabilities/
181,"Zero-Day Response: First 24 Hours for Security Teams",zero-day-response-first-24-hours-security-teams,"2026-07-22 00:05:20","2026-08-01 09:06:50",publish,https://infosecnexus.com/zero-day-response-first-24-hours-security-teams/
182,"Exploitability Signals to Watch Before Patch Tuesday",exploitability-signals-before-patch-tuesday,"2026-07-22 00:05:20","2026-08-01 09:06:50",publish,https://infosecnexus.com/exploitability-signals-before-patch-tuesday/
183,"Security Operations Metrics That Actually Reduce Risk",security-operations-metrics-that-reduce-risk,"2026-07-22 00:05:20","2026-08-01 09:06:50",publish,https://infosecnexus.com/security-operations-metrics-that-reduce-risk/
184,"Phishing Defense Controls for Hybrid Teams",phishing-defense-controls-hybrid-teams,"2026-07-22 00:05:20","2026-08-01 09:06:50",publish,https://infosecnexus.com/phishing-defense-controls-hybrid-teams/
185,"Threat Intelligence Triage Without Alert Fatigue",threat-intelligence-triage-without-alert-fatigue,"2026-07-22 00:05:20","2026-08-01 09:06:50",publish,https://infosecnexus.com/threat-intelligence-triage-without-alert-fatigue/
186,"Linux Kernel Patch Runbook for Production Servers",linux-kernel-patch-runbook-production-servers,"2026-07-22 00:05:20","2026-08-01 09:06:50",publish,https://infosecnexus.com/linux-kernel-patch-runbook-production-servers/
187,"SSH Hardening Baseline for Admin Teams",ssh-hardening-baseline-admin-teams,"2026-07-22 00:05:20","2026-08-01 09:06:50",publish,https://infosecnexus.com/ssh-hardening-baseline-admin-teams/
188,"Linux Log Review Checklist After Suspicious Activity",linux-log-review-checklist-suspicious-activity,"2026-07-22 00:05:20","2026-08-01 09:06:50",publish,https://infosecnexus.com/linux-log-review-checklist-suspicious-activity/
189,"CI/CD Secrets Hygiene Checklist",ci-cd-secrets-hygiene-checklist,"2026-07-22 00:05:20","2026-08-01 09:06:50",publish,https://infosecnexus.com/ci-cd-secrets-hygiene-checklist/
190,"Container Image Scanning Before Production Deploys",container-image-scanning-before-production-deploys,"2026-07-22 00:05:20","2026-08-01 09:06:50",publish,https://infosecnexus.com/container-image-scanning-before-production-deploys/
191,"Infrastructure as Code Security Review Tips",infrastructure-as-code-security-review-tips,"2026-07-22 00:05:20","2026-08-01 09:06:50",publish,https://infosecnexus.com/infrastructure-as-code-security-review-tips/
192,"AI Data Leakage Controls for Internal Tools",ai-data-leakage-controls-internal-tools,"2026-07-22 00:05:20","2026-08-01 09:06:50",publish,https://infosecnexus.com/ai-data-leakage-controls-internal-tools/
193,"Model Dependency Risk Checklist for AI Teams",model-dependency-risk-checklist-ai-teams,"2026-07-22 00:05:20","2026-08-01 09:06:50",publish,https://infosecnexus.com/model-dependency-risk-checklist-ai-teams/
194,"Prompt Injection Monitoring for Business Apps",prompt-injection-monitoring-business-apps,"2026-07-22 00:05:20","2026-08-01 09:06:50",publish,https://infosecnexus.com/prompt-injection-monitoring-business-apps/
195,"Build a Weekly Vulnerability Review Workflow",weekly-vulnerability-review-workflow,"2026-07-22 00:05:20","2026-08-01 09:06:50",publish,https://infosecnexus.com/weekly-vulnerability-review-workflow/
196,"How to Document Temporary Security Exceptions",document-temporary-security-exceptions,"2026-07-22 00:05:20","2026-08-01 09:06:50",publish,https://infosecnexus.com/document-temporary-security-exceptions/
197,"Create a Simple Asset Exposure Register",simple-asset-exposure-register,"2026-07-22 00:05:20","2026-08-01 09:06:50",publish,https://infosecnexus.com/simple-asset-exposure-register/
198,"Cloud Storage Exposure Checklist",cloud-storage-exposure-checklist,"2026-07-22 00:05:20","2026-08-01 09:06:50",publish,https://infosecnexus.com/cloud-storage-exposure-checklist/
199,"IAM Least Privilege Review for Cloud Teams",iam-least-privilege-review-cloud-teams,"2026-07-22 00:05:20","2026-08-01 09:06:50",publish,https://infosecnexus.com/iam-least-privilege-review-cloud-teams/
200,"Cloud Logging Baseline for Faster Investigations",cloud-logging-baseline-faster-investigations,"2026-07-22 00:05:20","2026-08-01 09:06:50",publish,https://infosecnexus.com/cloud-logging-baseline-faster-investigations/
201,"Windows Endpoint Hardening Quick Wins",windows-endpoint-hardening-quick-wins,"2026-07-22 00:05:20","2026-08-01 09:06:50",publish,https://infosecnexus.com/windows-endpoint-hardening-quick-wins/
202,"Active Directory Review Items Before an Incident",active-directory-review-items-before-incident,"2026-07-22 00:05:20","2026-08-01 09:06:50",publish,https://infosecnexus.com/active-directory-review-items-before-incident/
203,"PowerShell Logging Controls for Security Teams",powershell-logging-controls-security-teams,"2026-07-22 00:05:20","2026-08-01 09:06:50",publish,https://infosecnexus.com/powershell-logging-controls-security-teams/
204,"Network Segmentation Checks That Reduce Blast Radius",network-segmentation-checks-reduce-blast-radius,"2026-07-22 00:05:20","2026-08-01 09:06:50",publish,https://infosecnexus.com/network-segmentation-checks-reduce-blast-radius/
205,"VPN Access Review for Remote Teams",vpn-access-review-remote-teams,"2026-07-22 00:05:20","2026-08-01 09:06:50",publish,https://infosecnexus.com/vpn-access-review-remote-teams/
206,"DNS Monitoring Ideas for Early Threat Detection",dns-monitoring-ideas-early-threat-detection,"2026-07-22 00:05:20","2026-08-01 09:06:50",publish,https://infosecnexus.com/dns-monitoring-ideas-early-threat-detection/
207,"API Authentication Mistakes to Fix This Week",api-authentication-mistakes-fix-this-week,"2026-07-22 00:05:20","2026-08-01 09:06:50",publish,https://infosecnexus.com/api-authentication-mistakes-fix-this-week/
208,"Web Application Security Headers Explained",web-application-security-headers-explained,"2026-07-22 00:05:20","2026-08-01 09:06:50",publish,https://infosecnexus.com/web-application-security-headers-explained/
209,"Login Security Checklist for WordPress Sites",login-security-checklist-wordpress-sites,"2026-07-22 00:05:20","2026-08-01 09:06:50",publish,https://infosecnexus.com/login-security-checklist-wordpress-sites/
