"url","last_crawled","in_retirement_inventory","current_http_status","current_x_robots_tag","current_redirect_target","recommended_action"
"https://infosecnexus.com/category/cybersecurity/","2026-08-07","false","200","","","keep_indexable"
"https://infosecnexus.com/","2026-08-07","false","200","","","keep_indexable"
"https://infosecnexus.com/2026-08-06-live-cybersecurity-brief/","2026-08-07","false","301","","https://infosecnexus.com/live-cybersecurity-brief/","keep_redirect_for_consolidation"
"https://infosecnexus.com/cve-2026-63077-cve-2026-63077-jetbrains-teamcity-deserialization-of-untrusted-data/","2026-08-07","false","200","","","keep_indexable"
"https://infosecnexus.com/2026-08-07-live-cybersecurity-brief/","2026-08-07","false","301","","https://infosecnexus.com/live-cybersecurity-brief/","keep_redirect_for_consolidation"
"https://infosecnexus.com/category/tutorials/","2026-08-06","false","200","","","keep_indexable"
"https://infosecnexus.com/2026-07-23-ai-security-brief-prompt-injection-connectors-data-boundaries/","2026-08-06","true","200","noindex, follow, noarchive","","wait_for_google_recrawl_noindex"
"https://infosecnexus.com/2026-08-06-ai-security-brief-prompt-injection-connectors-data-boundaries/","2026-08-06","true","200","noindex, follow, noarchive","","wait_for_google_recrawl_noindex"
"https://infosecnexus.com/2026-08-04-daily-cve-watch-kev-nvd-patch-priority/","2026-08-06","true","200","noindex, follow, noarchive","","wait_for_google_recrawl_noindex"
"https://infosecnexus.com/2026-08-06-cyber-security-brief-exploitation-signals-response-focus/","2026-08-06","true","200","noindex, follow, noarchive","","wait_for_google_recrawl_noindex"
"https://infosecnexus.com/2026-08-06-devops-security-brief-pipelines-secrets-build-dependencies/","2026-08-06","true","200","noindex, follow, noarchive","","wait_for_google_recrawl_noindex"
"https://infosecnexus.com/2026-07-23-network-security-brief-edge-devices-dns-segmentation/","2026-08-06","true","200","noindex, follow, noarchive","","wait_for_google_recrawl_noindex"
"https://infosecnexus.com/2026-08-06-network-security-brief-edge-devices-dns-segmentation/","2026-08-06","true","200","noindex, follow, noarchive","","wait_for_google_recrawl_noindex"
"https://infosecnexus.com/2026-08-06-daily-cve-watch-kev-nvd-patch-priority/","2026-08-06","true","200","noindex, follow, noarchive","","wait_for_google_recrawl_noindex"
"https://infosecnexus.com/2026-08-06-linux-security-brief-kernel-package-service-checks/","2026-08-06","true","200","noindex, follow, noarchive","","wait_for_google_recrawl_noindex"
"https://infosecnexus.com/2026-08-06-web-security-brief-apis-headers-wordpress-attack-surface/","2026-08-06","true","200","noindex, follow, noarchive","","wait_for_google_recrawl_noindex"
"https://infosecnexus.com/cloud-storage-exposure-checklist/","2026-08-06","true","200","noindex, follow, noarchive","","wait_for_google_recrawl_noindex"
"https://infosecnexus.com/2026-08-06-windows-security-brief-update-review-identity-controls/","2026-08-06","true","200","noindex, follow, noarchive","","wait_for_google_recrawl_noindex"
"https://infosecnexus.com/ssh-hardening-baseline-admin-teams/","2026-08-06","true","200","noindex, follow, noarchive","","wait_for_google_recrawl_noindex"
"https://infosecnexus.com/2026-07-22-windows-security-brief-update-review-identity-controls/","2026-08-06","true","200","noindex, follow, noarchive","","wait_for_google_recrawl_noindex"
"https://infosecnexus.com/2026-08-03-web-security-brief-apis-headers-wordpress-attack-surface/","2026-08-05","true","200","noindex, follow, noarchive","","wait_for_google_recrawl_noindex"
"https://infosecnexus.com/2026-07-28-cyber-security-brief-exploitation-signals-response-focus/","2026-08-05","true","200","noindex, follow, noarchive","","wait_for_google_recrawl_noindex"
"https://infosecnexus.com/2026-07-30-daily-cve-watch-kev-nvd-patch-priority/","2026-08-05","true","200","noindex, follow, noarchive","","wait_for_google_recrawl_noindex"
"https://infosecnexus.com/2026-07-28-tutorial-run-daily-vulnerability-standup/","2026-08-05","true","200","noindex, follow, noarchive","","wait_for_google_recrawl_noindex"
"https://infosecnexus.com/2026-07-30-cloud-security-brief-bulletins-iam-public-exposure/","2026-08-05","true","200","noindex, follow, noarchive","","wait_for_google_recrawl_noindex"
"https://infosecnexus.com/2026-08-05-tutorial-run-daily-vulnerability-standup/","2026-08-05","true","200","noindex, follow, noarchive","","wait_for_google_recrawl_noindex"
"https://infosecnexus.com/2026-07-27-ai-security-brief-prompt-injection-connectors-data-boundaries/","2026-08-05","true","200","noindex, follow, noarchive","","wait_for_google_recrawl_noindex"
"https://infosecnexus.com/web-application-security-headers-explained/","2026-08-05","true","200","noindex, follow, noarchive","","wait_for_google_recrawl_noindex"
"https://infosecnexus.com/2026-08-01-web-security-brief-apis-headers-wordpress-attack-surface/","2026-08-05","true","200","noindex, follow, noarchive","","wait_for_google_recrawl_noindex"
"https://infosecnexus.com/2026-08-05-ai-security-brief-prompt-injection-connectors-data-boundaries/","2026-08-05","true","200","noindex, follow, noarchive","","wait_for_google_recrawl_noindex"
"https://infosecnexus.com/2026-08-05-daily-cve-watch-kev-nvd-patch-priority/","2026-08-05","true","200","noindex, follow, noarchive","","wait_for_google_recrawl_noindex"
"https://infosecnexus.com/2026-08-05-devops-security-brief-pipelines-secrets-build-dependencies/","2026-08-05","true","200","noindex, follow, noarchive","","wait_for_google_recrawl_noindex"
"https://infosecnexus.com/2026-07-28-daily-cve-watch-kev-nvd-patch-priority/","2026-08-05","true","200","noindex, follow, noarchive","","wait_for_google_recrawl_noindex"
"https://infosecnexus.com/2026-08-05-cyber-security-brief-exploitation-signals-response-focus/","2026-08-05","true","200","noindex, follow, noarchive","","wait_for_google_recrawl_noindex"
"https://infosecnexus.com/2026-08-05-network-security-brief-edge-devices-dns-segmentation/","2026-08-05","true","200","noindex, follow, noarchive","","wait_for_google_recrawl_noindex"
"https://infosecnexus.com/2026-07-31-web-security-brief-apis-headers-wordpress-attack-surface/","2026-08-05","true","200","noindex, follow, noarchive","","wait_for_google_recrawl_noindex"
"https://infosecnexus.com/2026-08-05-linux-security-brief-kernel-package-service-checks/","2026-08-05","true","200","noindex, follow, noarchive","","wait_for_google_recrawl_noindex"
"https://infosecnexus.com/2026-08-05-web-security-brief-apis-headers-wordpress-attack-surface/","2026-08-05","true","200","noindex, follow, noarchive","","wait_for_google_recrawl_noindex"
"https://infosecnexus.com/2026-08-05-windows-security-brief-update-review-identity-controls/","2026-08-05","true","200","noindex, follow, noarchive","","wait_for_google_recrawl_noindex"
"https://infosecnexus.com/2026-07-31-windows-security-brief-update-review-identity-controls/","2026-08-05","true","200","noindex, follow, noarchive","","wait_for_google_recrawl_noindex"
"https://infosecnexus.com/2026-07-31-daily-cve-watch-kev-nvd-patch-priority/","2026-08-05","true","200","noindex, follow, noarchive","","wait_for_google_recrawl_noindex"
"https://infosecnexus.com/category/linux-administration/","2026-08-05","false","200","","","keep_indexable"
"https://infosecnexus.com/2026-07-23-linux-security-brief-kernel-package-service-checks/","2026-08-04","true","200","noindex, follow, noarchive","","wait_for_google_recrawl_noindex"
"https://infosecnexus.com/2026-07-28-devops-security-brief-pipelines-secrets-build-dependencies/","2026-08-04","true","200","noindex, follow, noarchive","","wait_for_google_recrawl_noindex"
"https://infosecnexus.com/2026-07-28-ai-security-brief-prompt-injection-connectors-data-boundaries/","2026-08-04","true","200","noindex, follow, noarchive","","wait_for_google_recrawl_noindex"
"https://infosecnexus.com/api-authentication-mistakes-fix-this-week/","2026-08-04","true","200","noindex, follow, noarchive","","wait_for_google_recrawl_noindex"
"https://infosecnexus.com/2026-07-28-cloud-security-brief-bulletins-iam-public-exposure/","2026-08-04","true","200","noindex, follow, noarchive","","wait_for_google_recrawl_noindex"
"https://infosecnexus.com/2026-08-02-ai-security-brief-prompt-injection-connectors-data-boundaries/","2026-08-04","true","200","noindex, follow, noarchive","","wait_for_google_recrawl_noindex"
"https://infosecnexus.com/2026-08-03-cyber-security-brief-exploitation-signals-response-focus/","2026-08-04","true","200","noindex, follow, noarchive","","wait_for_google_recrawl_noindex"
"https://infosecnexus.com/2026-07-29-web-security-brief-apis-headers-wordpress-attack-surface/","2026-08-04","true","200","noindex, follow, noarchive","","wait_for_google_recrawl_noindex"
"https://infosecnexus.com/2026-08-04-devops-security-brief-pipelines-secrets-build-dependencies/","2026-08-04","true","200","noindex, follow, noarchive","","wait_for_google_recrawl_noindex"
"https://infosecnexus.com/2026-07-27-cyber-security-brief-exploitation-signals-response-focus/","2026-08-04","true","200","noindex, follow, noarchive","","wait_for_google_recrawl_noindex"
"https://infosecnexus.com/2026-07-27-windows-security-brief-update-review-identity-controls/","2026-08-04","true","200","noindex, follow, noarchive","","wait_for_google_recrawl_noindex"
"https://infosecnexus.com/2026-08-04-cyber-security-brief-exploitation-signals-response-focus/","2026-08-04","true","200","noindex, follow, noarchive","","wait_for_google_recrawl_noindex"
"https://infosecnexus.com/2026-08-04-tutorial-run-daily-vulnerability-standup/","2026-08-04","true","200","noindex, follow, noarchive","","wait_for_google_recrawl_noindex"
"https://infosecnexus.com/2026-08-04-cloud-security-brief-bulletins-iam-public-exposure/","2026-08-04","true","200","noindex, follow, noarchive","","wait_for_google_recrawl_noindex"
"https://infosecnexus.com/2026-08-04-web-security-brief-apis-headers-wordpress-attack-surface/","2026-08-04","true","200","noindex, follow, noarchive","","wait_for_google_recrawl_noindex"
"https://infosecnexus.com/2026-08-04-linux-security-brief-kernel-package-service-checks/","2026-08-04","true","200","noindex, follow, noarchive","","wait_for_google_recrawl_noindex"
"https://infosecnexus.com/2026-08-04-windows-security-brief-update-review-identity-controls/","2026-08-04","true","200","noindex, follow, noarchive","","wait_for_google_recrawl_noindex"
"https://infosecnexus.com/2026-08-04-network-security-brief-edge-devices-dns-segmentation/","2026-08-04","true","200","noindex, follow, noarchive","","wait_for_google_recrawl_noindex"
"https://infosecnexus.com/2026-07-28-network-security-brief-edge-devices-dns-segmentation/","2026-08-04","true","200","noindex, follow, noarchive","","wait_for_google_recrawl_noindex"
"https://infosecnexus.com/cve-triage-checklist-high-risk-vulnerabilities/","2026-08-04","true","200","noindex, follow, noarchive","","wait_for_google_recrawl_noindex"
"https://infosecnexus.com/2026-08-03-devops-security-brief-pipelines-secrets-build-dependencies/","2026-08-04","true","200","noindex, follow, noarchive","","wait_for_google_recrawl_noindex"
"https://infosecnexus.com/2026-07-28-web-security-brief-apis-headers-wordpress-attack-surface/","2026-08-03","true","200","noindex, follow, noarchive","","wait_for_google_recrawl_noindex"
"https://infosecnexus.com/2026-07-28-linux-security-brief-kernel-package-service-checks/","2026-08-03","true","200","noindex, follow, noarchive","","wait_for_google_recrawl_noindex"
"https://infosecnexus.com/2026-07-31-tutorial-run-daily-vulnerability-standup/","2026-08-03","true","200","noindex, follow, noarchive","","wait_for_google_recrawl_noindex"
"https://infosecnexus.com/container-image-scanning-before-production-deploys/","2026-08-03","true","200","noindex, follow, noarchive","","wait_for_google_recrawl_noindex"
"https://infosecnexus.com/2026-08-03-daily-cve-watch-kev-nvd-patch-priority/","2026-08-03","true","200","noindex, follow, noarchive","","wait_for_google_recrawl_noindex"
"https://infosecnexus.com/2026-08-03-ai-security-brief-prompt-injection-connectors-data-boundaries/","2026-08-03","true","200","noindex, follow, noarchive","","wait_for_google_recrawl_noindex"
"https://infosecnexus.com/2026-08-03-linux-security-brief-kernel-package-service-checks/","2026-08-03","true","200","noindex, follow, noarchive","","wait_for_google_recrawl_noindex"
"https://infosecnexus.com/2026-07-30-tutorial-run-daily-vulnerability-standup/","2026-08-03","true","200","noindex, follow, noarchive","","wait_for_google_recrawl_noindex"
"https://infosecnexus.com/2026-08-03-tutorial-run-daily-vulnerability-standup/","2026-08-03","true","200","noindex, follow, noarchive","","wait_for_google_recrawl_noindex"
"https://infosecnexus.com/2026-07-27-daily-cve-watch-kev-nvd-patch-priority/","2026-08-03","true","200","noindex, follow, noarchive","","wait_for_google_recrawl_noindex"
"https://infosecnexus.com/2026-08-03-cloud-security-brief-bulletins-iam-public-exposure/","2026-08-03","true","200","noindex, follow, noarchive","","wait_for_google_recrawl_noindex"
"https://infosecnexus.com/2026-08-03-windows-security-brief-update-review-identity-controls/","2026-08-03","true","200","noindex, follow, noarchive","","wait_for_google_recrawl_noindex"
"https://infosecnexus.com/contact/","2026-08-03","false","200","","","keep_indexable"
"https://infosecnexus.com/2026-08-03-network-security-brief-edge-devices-dns-segmentation/","2026-08-03","true","200","noindex, follow, noarchive","","wait_for_google_recrawl_noindex"
"https://infosecnexus.com/2026-07-31-ai-security-brief-prompt-injection-connectors-data-boundaries/","2026-08-03","true","200","noindex, follow, noarchive","","wait_for_google_recrawl_noindex"
"https://infosecnexus.com/category/artificial-intelligence/page/2/","2026-08-03","false","404","","","allow_search_index_to_drop"
"https://infosecnexus.com/2026-07-27-devops-security-brief-pipelines-secrets-build-dependencies/","2026-08-02","true","200","noindex, follow, noarchive","","wait_for_google_recrawl_noindex"
"https://infosecnexus.com/2026-07-28-windows-security-brief-update-review-identity-controls/","2026-08-02","true","200","noindex, follow, noarchive","","wait_for_google_recrawl_noindex"
"https://infosecnexus.com/category/artificial-intelligence/","2026-08-02","false","200","","","keep_indexable"
"https://infosecnexus.com/linux-kernel-patch-runbook-production-servers/","2026-08-02","true","200","noindex, follow, noarchive","","wait_for_google_recrawl_noindex"
"https://infosecnexus.com/2026-07-22-web-security-brief-apis-headers-wordpress-attack-surface/","2026-08-02","true","200","noindex, follow, noarchive","","wait_for_google_recrawl_noindex"
"https://infosecnexus.com/2026-08-02-network-security-brief-edge-devices-dns-segmentation/","2026-08-02","true","200","noindex, follow, noarchive","","wait_for_google_recrawl_noindex"
"https://infosecnexus.com/2026-08-02-cloud-security-brief-bulletins-iam-public-exposure/","2026-08-02","true","200","noindex, follow, noarchive","","wait_for_google_recrawl_noindex"
"https://infosecnexus.com/2026-08-02-web-security-brief-apis-headers-wordpress-attack-surface/","2026-08-02","true","200","noindex, follow, noarchive","","wait_for_google_recrawl_noindex"
"https://infosecnexus.com/2026-08-02-tutorial-run-daily-vulnerability-standup/","2026-08-02","true","200","noindex, follow, noarchive","","wait_for_google_recrawl_noindex"
"https://infosecnexus.com/2026-08-02-daily-cve-watch-kev-nvd-patch-priority/","2026-08-02","true","200","noindex, follow, noarchive","","wait_for_google_recrawl_noindex"
"https://infosecnexus.com/2026-08-02-devops-security-brief-pipelines-secrets-build-dependencies/","2026-08-02","true","200","noindex, follow, noarchive","","wait_for_google_recrawl_noindex"
"https://infosecnexus.com/2026-08-02-cyber-security-brief-exploitation-signals-response-focus/","2026-08-02","true","200","noindex, follow, noarchive","","wait_for_google_recrawl_noindex"
"https://infosecnexus.com/2026-08-02-linux-security-brief-kernel-package-service-checks/","2026-08-02","true","200","noindex, follow, noarchive","","wait_for_google_recrawl_noindex"
"https://infosecnexus.com/2026-08-02-windows-security-brief-update-review-identity-controls/","2026-08-02","true","200","noindex, follow, noarchive","","wait_for_google_recrawl_noindex"
"https://infosecnexus.com/category/cybersecurity/page/2/","2026-08-02","false","404","","","allow_search_index_to_drop"
"https://infosecnexus.com/2026-07-29-ai-security-brief-prompt-injection-connectors-data-boundaries/","2026-08-01","true","200","noindex, follow, noarchive","","wait_for_google_recrawl_noindex"
"https://infosecnexus.com/disclaimer/","2026-08-01","false","200","","","keep_indexable"
"https://infosecnexus.com/about/","2026-08-01","false","200","","","keep_indexable"
"https://infosecnexus.com/2026-07-30-windows-security-brief-update-review-identity-controls/","2026-08-01","true","200","noindex, follow, noarchive","","wait_for_google_recrawl_noindex"
"https://infosecnexus.com/2026-07-23-cyber-security-brief-exploitation-signals-response-focus/","2026-08-01","true","200","noindex, follow, noarchive","","wait_for_google_recrawl_noindex"
"https://infosecnexus.com/2026-08-01-windows-security-brief-update-review-identity-controls/","2026-08-01","true","200","noindex, follow, noarchive","","wait_for_google_recrawl_noindex"
"https://infosecnexus.com/zero-day-response-first-24-hours-security-teams/","2026-08-01","true","200","noindex, follow, noarchive","","wait_for_google_recrawl_noindex"
"https://infosecnexus.com/powershell-logging-controls-security-teams/","2026-08-01","true","200","noindex, follow, noarchive","","wait_for_google_recrawl_noindex"
"https://infosecnexus.com/2026-07-31-network-security-brief-edge-devices-dns-segmentation/","2026-08-01","true","200","noindex, follow, noarchive","","wait_for_google_recrawl_noindex"
"https://infosecnexus.com/model-dependency-risk-checklist-ai-teams/","2026-08-01","true","200","noindex, follow, noarchive","","wait_for_google_recrawl_noindex"
"https://infosecnexus.com/2026-07-27-tutorial-run-daily-vulnerability-standup/","2026-08-01","true","200","noindex, follow, noarchive","","wait_for_google_recrawl_noindex"
"https://infosecnexus.com/2026-07-29-network-security-brief-edge-devices-dns-segmentation/","2026-08-01","true","200","noindex, follow, noarchive","","wait_for_google_recrawl_noindex"
"https://infosecnexus.com/2026-07-29-linux-security-brief-kernel-package-service-checks/","2026-08-01","true","200","noindex, follow, noarchive","","wait_for_google_recrawl_noindex"
"https://infosecnexus.com/2026-07-29-windows-security-brief-update-review-identity-controls/","2026-08-01","true","200","noindex, follow, noarchive","","wait_for_google_recrawl_noindex"
"https://infosecnexus.com/2026-07-29-cyber-security-brief-exploitation-signals-response-focus/","2026-08-01","true","200","noindex, follow, noarchive","","wait_for_google_recrawl_noindex"
"https://infosecnexus.com/2026-07-29-devops-security-brief-pipelines-secrets-build-dependencies/","2026-08-01","true","200","noindex, follow, noarchive","","wait_for_google_recrawl_noindex"
"https://infosecnexus.com/2026-07-29-cloud-security-brief-bulletins-iam-public-exposure/","2026-08-01","true","200","noindex, follow, noarchive","","wait_for_google_recrawl_noindex"
"https://infosecnexus.com/2026-07-30-linux-security-brief-kernel-package-service-checks/","2026-08-01","true","200","noindex, follow, noarchive","","wait_for_google_recrawl_noindex"
"https://infosecnexus.com/2026-07-31-cloud-security-brief-bulletins-iam-public-exposure/","2026-08-01","true","200","noindex, follow, noarchive","","wait_for_google_recrawl_noindex"
"https://infosecnexus.com/2026-07-30-network-security-brief-edge-devices-dns-segmentation/","2026-08-01","true","200","noindex, follow, noarchive","","wait_for_google_recrawl_noindex"
"https://infosecnexus.com/2026-07-30-web-security-brief-apis-headers-wordpress-attack-surface/","2026-08-01","true","200","noindex, follow, noarchive","","wait_for_google_recrawl_noindex"
"https://infosecnexus.com/2026-07-31-devops-security-brief-pipelines-secrets-build-dependencies/","2026-08-01","true","200","noindex, follow, noarchive","","wait_for_google_recrawl_noindex"
"https://infosecnexus.com/2026-08-01-daily-cve-watch-kev-nvd-patch-priority/","2026-08-01","true","200","noindex, follow, noarchive","","wait_for_google_recrawl_noindex"
"https://infosecnexus.com/2026-08-01-tutorial-run-daily-vulnerability-standup/","2026-08-01","true","200","noindex, follow, noarchive","","wait_for_google_recrawl_noindex"
"https://infosecnexus.com/2026-08-01-linux-security-brief-kernel-package-service-checks/","2026-08-01","true","200","noindex, follow, noarchive","","wait_for_google_recrawl_noindex"
"https://infosecnexus.com/2026-08-01-devops-security-brief-pipelines-secrets-build-dependencies/","2026-08-01","true","200","noindex, follow, noarchive","","wait_for_google_recrawl_noindex"
"https://infosecnexus.com/2026-08-01-ai-security-brief-prompt-injection-connectors-data-boundaries/","2026-08-01","true","200","noindex, follow, noarchive","","wait_for_google_recrawl_noindex"
"https://infosecnexus.com/2026-07-30-devops-security-brief-pipelines-secrets-build-dependencies/","2026-08-01","true","200","noindex, follow, noarchive","","wait_for_google_recrawl_noindex"
"https://infosecnexus.com/2026-08-01-cyber-security-brief-exploitation-signals-response-focus/","2026-08-01","true","200","noindex, follow, noarchive","","wait_for_google_recrawl_noindex"
"https://infosecnexus.com/2026-07-30-cyber-security-brief-exploitation-signals-response-focus/","2026-08-01","true","200","noindex, follow, noarchive","","wait_for_google_recrawl_noindex"
"https://infosecnexus.com/2026-07-31-linux-security-brief-kernel-package-service-checks/","2026-08-01","true","200","noindex, follow, noarchive","","wait_for_google_recrawl_noindex"
"https://infosecnexus.com/windows-endpoint-hardening-quick-wins/","2026-08-01","true","200","noindex, follow, noarchive","","wait_for_google_recrawl_noindex"
"https://infosecnexus.com/2026-07-31-cyber-security-brief-exploitation-signals-response-focus/","2026-08-01","true","200","noindex, follow, noarchive","","wait_for_google_recrawl_noindex"
"https://infosecnexus.com/2026-07-30-ai-security-brief-prompt-injection-connectors-data-boundaries/","2026-08-01","true","200","noindex, follow, noarchive","","wait_for_google_recrawl_noindex"
"https://infosecnexus.com/2026-07-27-web-security-brief-apis-headers-wordpress-attack-surface/","2026-07-31","true","200","noindex, follow, noarchive","","wait_for_google_recrawl_noindex"
"https://infosecnexus.com/2026-07-29-daily-cve-watch-kev-nvd-patch-priority/","2026-07-29","true","200","noindex, follow, noarchive","","wait_for_google_recrawl_noindex"
"https://infosecnexus.com/threat-intelligence-triage-without-alert-fatigue/","2026-07-28","true","200","noindex, follow, noarchive","","wait_for_google_recrawl_noindex"
"https://infosecnexus.com/cloud-logging-baseline-faster-investigations/","2026-07-28","true","200","noindex, follow, noarchive","","wait_for_google_recrawl_noindex"
"https://infosecnexus.com/2026-07-27-network-security-brief-edge-devices-dns-segmentation/","2026-07-28","true","200","noindex, follow, noarchive","","wait_for_google_recrawl_noindex"
"https://infosecnexus.com/2026-07-23-windows-security-brief-update-review-identity-controls/","2026-07-28","true","200","noindex, follow, noarchive","","wait_for_google_recrawl_noindex"
"https://infosecnexus.com/category/web-security/","2026-07-28","false","200","","","keep_indexable"
"https://infosecnexus.com/category/devops/","2026-07-28","false","200","","","keep_indexable"
"https://infosecnexus.com/phishing-defense-controls-hybrid-teams/","2026-07-28","true","200","noindex, follow, noarchive","","wait_for_google_recrawl_noindex"
"https://infosecnexus.com/2026-07-27-linux-security-brief-kernel-package-service-checks/","2026-07-28","true","200","noindex, follow, noarchive","","wait_for_google_recrawl_noindex"
"https://infosecnexus.com/simple-asset-exposure-register/","2026-07-28","true","200","noindex, follow, noarchive","","wait_for_google_recrawl_noindex"
"https://infosecnexus.com/2026-07-23-cloud-security-brief-bulletins-iam-public-exposure/","2026-07-28","true","200","noindex, follow, noarchive","","wait_for_google_recrawl_noindex"
"https://infosecnexus.com/2026-07-22-cyber-security-brief-exploitation-signals-response-focus/","2026-07-28","true","200","noindex, follow, noarchive","","wait_for_google_recrawl_noindex"
"https://infosecnexus.com/document-temporary-security-exceptions/","2026-07-28","true","200","noindex, follow, noarchive","","wait_for_google_recrawl_noindex"
"https://infosecnexus.com/2026-07-27-cloud-security-brief-bulletins-iam-public-exposure/","2026-07-27","true","200","noindex, follow, noarchive","","wait_for_google_recrawl_noindex"
"https://infosecnexus.com/prompt-injection-monitoring-business-apps/","2026-07-27","true","200","noindex, follow, noarchive","","wait_for_google_recrawl_noindex"
"https://infosecnexus.com/iam-least-privilege-review-cloud-teams/","2026-07-27","true","200","noindex, follow, noarchive","","wait_for_google_recrawl_noindex"
"https://infosecnexus.com/2026-07-22-devops-security-brief-pipelines-secrets-build-dependencies/","2026-07-27","true","200","noindex, follow, noarchive","","wait_for_google_recrawl_noindex"
"https://infosecnexus.com/infrastructure-as-code-security-review-tips/","2026-07-27","true","200","noindex, follow, noarchive","","wait_for_google_recrawl_noindex"
"https://infosecnexus.com/ai-data-leakage-controls-internal-tools/","2026-07-27","true","200","noindex, follow, noarchive","","wait_for_google_recrawl_noindex"
"https://infosecnexus.com/vpn-access-review-remote-teams/","2026-07-27","true","200","noindex, follow, noarchive","","wait_for_google_recrawl_noindex"
"https://infosecnexus.com/weekly-vulnerability-review-workflow/","2026-07-27","true","200","noindex, follow, noarchive","","wait_for_google_recrawl_noindex"
"https://infosecnexus.com/ci-cd-secrets-hygiene-checklist/","2026-07-27","true","200","noindex, follow, noarchive","","wait_for_google_recrawl_noindex"
"https://infosecnexus.com/2026-07-24-tutorial-run-daily-vulnerability-standup/","2026-07-26","false","404","","","allow_search_index_to_drop"
"https://infosecnexus.com/network-segmentation-checks-reduce-blast-radius/","2026-07-26","true","200","noindex, follow, noarchive","","wait_for_google_recrawl_noindex"
"https://infosecnexus.com/2026-07-23-tutorial-run-daily-vulnerability-standup/","2026-07-26","false","404","","","allow_search_index_to_drop"
"https://infosecnexus.com/2026-07-24-cloud-security-brief-bulletins-iam-public-exposure/","2026-07-26","false","404","","","allow_search_index_to_drop"
"https://infosecnexus.com/security-operations-metrics-that-reduce-risk/","2026-07-26","true","200","noindex, follow, noarchive","","wait_for_google_recrawl_noindex"
"https://infosecnexus.com/linux-log-review-checklist-suspicious-activity/","2026-07-26","true","200","noindex, follow, noarchive","","wait_for_google_recrawl_noindex"
"https://infosecnexus.com/login-security-checklist-wordpress-sites/","2026-07-26","true","200","noindex, follow, noarchive","","wait_for_google_recrawl_noindex"
"https://infosecnexus.com/exploitability-signals-before-patch-tuesday/","2026-07-26","true","200","noindex, follow, noarchive","","wait_for_google_recrawl_noindex"
